HEIGHT,WEIGHT
2.300275348932427,77.81001994890794
2.9620137016421113,83.94478068663561
2.339560839047085,80.44482257229718
3.49568586623041,87.94237990023163
2.157677342838599,70.88119235766871
